﻿Designator,Footprint,Quantity,Value,LCSC Part #
BZ1,Buzzer_12x9.5RM7.6,1,Buzzer,
C1,CP_Radial_D5.0mm_P2.50mm,1,0.1μF,
C2,CP_Radial_D5.0mm_P2.50mm,1,C,
"D1, D2, D3, D4, D5",LED_D3.0mm,5,LED,
J18,AMASS_XT60-F_1x02_P7.20mm_Vertical,1,24to5v xt60f,
J19,AMASS_XT60-M_1x02_P7.20mm_Vertical,1,XT60m to dcdc,
J20,JST_EH_B3B-EH-A_1x03_P2.50mm_Vertical,1,LEDテープ,
J5,JST_EH_B4B-EH-A_1x04_P2.50mm_Vertical,1,encoder2,
J6,JST_EH_B4B-EH-A_1x04_P2.50mm_Vertical,1,encoder3,
J7,JST_EH_B4B-EH-A_1x04_P2.50mm_Vertical,1,encoder4,
J8,JST_EH_B4B-EH-A_1x04_P2.50mm_Vertical,1,encoder1,
J9,AMASS_XT60-F_1x02_P7.20mm_Vertical,1,XT60IN,
"JROBOMAS, ROBOMAS_3, ROBOMAS_2, ROBOMAS",AMASS_XT60-M_1x02_P7.20mm_Vertical,4,XT30,
R1,R_Axial_DIN0207_L6.3mm_D2.5mm_P10.16mm_Horizontal,1,120Ω,
R2,R_Axial_DIN0207_L6.3mm_D2.5mm_P10.16mm_Horizontal,1,150,
"ROBO1, ROBO2, ROBO3, ROBO4",JST_EH_B2B-EH-A_1x02_P2.50mm_Vertical,4,Conn_01x02_Pin,
"SERVO1, SERVO2, SERVO3, SERVO4",JST_EH_B3B-EH-A_1x03_P2.50mm_Vertical,4,XA,
U1,MODULE_DEV-16771,1,DEV-16771,
U2,DIP-8_W7.62mm,1,MCP2562-E-P,
